{"cameraMode":{"drawMode":0,"name":"Shaded","section":"Shading Mode"},"sceneLighting":false,"audioPlay":false,"sceneViewState":{"m_AlwaysRefresh":false,"showFog":true,"showSkybox":false,"showFlares":true,"showImageEffects":true,"showParticleSystems":true,"showVisualEffectGraphs":true,"m_FxEnabled":true},"in2DMode":false,"pivot":{"x":11.859963417053223,"y":0.8841174840927124,"z":2.569999933242798},"rotation":{"x":-0.2292533814907074,"y":0.0005815174081362784,"z":-0.0001365798234473914,"w":-0.9733708500862122},"size":1.5174583196640015,"orthographic":false}